ID de la cuenta;Estado de la cuenta;Imprimir (total);Imprimir (a todo color);Imprimir (a todo color) - Nivel 1;Imprimir (a todo color) - Nivel 2;Imprimir (a todo color) - Nivel 3;Imprimir (un solo color);Imprimir (blanco y negro);Copia (total);Copia (a todo color);Copia (a todo color) - Nivel 1;Copia (a todo color) - Nivel 2;Copia (a todo color) - Nivel 3;Copia (un solo color);Copia (blanco y negro);Recibir FAX;Escanear (total);Escanear (copia);Escanear (FAX);Escanear (en otro);Páginas de transmisión de FAX;Tiempo de transmisión del FAX;Marca de tiempo
"0000";"Normal";"198";"";"";"";"";"";"198";"252";"";"";"";"";"";"252";"0";"167";"167";"0";"0";"0";"000h00m00s";"3/12/2025 5:16:14 p. m."
"0104";"Normal";"30";"";"";"";"";"";"30";"0";"";"";"";"";"";"0";"0";"0";"0";"0";"0";"0";"000h00m00s";"3/12/2025 5:16:14 p. m."
"0116";"Normal";"18";"";"";"";"";"";"18";"0";"";"";"";"";"";"0";"0";"0";"0";"0";"0";"0";"000h00m00s";"3/12/2025 5:16:14 p. m."
"0207";"Normal";"612";"";"";"";"";"";"612";"0";"";"";"";"";"";"0";"0";"0";"0";"0";"0";"0";"000h00m00s";"3/12/2025 5:16:14 p. m."
"0218";"Normal";"122";"";"";"";"";"";"122";"0";"";"";"";"";"";"0";"0";"0";"0";"0";"0";"0";"000h00m00s";"3/12/2025 5:16:14 p. m."
"0306";"Normal";"62";"";"";"";"";"";"62";"1";"";"";"";"";"";"1";"0";"1";"1";"0";"0";"0";"000h00m00s";"3/12/2025 5:16:14 p. m."
"0325";"Normal";"273";"";"";"";"";"";"273";"18";"";"";"";"";"";"18";"0";"103";"18";"0";"85";"0";"000h00m00s";"3/12/2025 5:16:14 p. m."
"0408";"Normal";"9";"";"";"";"";"";"9";"0";"";"";"";"";"";"0";"0";"0";"0";"0";"0";"0";"000h00m00s";"3/12/2025 5:16:14 p. m."
"0409";"Normal";"35";"";"";"";"";"";"35";"9";"";"";"";"";"";"9";"0";"43";"9";"0";"34";"0";"000h00m00s";"3/12/2025 5:16:14 p. m."
"0424";"Normal";"0";"";"";"";"";"";"0";"0";"";"";"";"";"";"0";"0";"0";"0";"0";"0";"0";"000h00m00s";"3/12/2025 5:16:14 p. m."
"0477";"Normal";"73";"";"";"";"";"";"73";"9";"";"";"";"";"";"9";"0";"6";"3";"0";"3";"0";"000h00m00s";"3/12/2025 5:16:14 p. m."
"0505";"Normal";"21";"";"";"";"";"";"21";"0";"";"";"";"";"";"0";"0";"0";"0";"0";"0";"0";"000h00m00s";"3/12/2025 5:16:14 p. m."
"0525";"Normal";"5";"";"";"";"";"";"5";"6";"";"";"";"";"";"6";"0";"6";"6";"0";"0";"0";"000h00m00s";"3/12/2025 5:16:14 p. m."
"0624";"Normal";"0";"";"";"";"";"";"0";"0";"";"";"";"";"";"0";"0";"0";"0";"0";"0";"0";"000h00m00s";"3/12/2025 5:16:14 p. m."
"0712";"Normal";"113";"";"";"";"";"";"113";"0";"";"";"";"";"";"0";"0";"0";"0";"0";"0";"0";"000h00m00s";"3/12/2025 5:16:14 p. m."
"0729";"Normal";"50";"";"";"";"";"";"50";"0";"";"";"";"";"";"0";"0";"0";"0";"0";"0";"0";"000h00m00s";"3/12/2025 5:16:14 p. m."
"0803";"Normal";"230";"";"";"";"";"";"230";"0";"";"";"";"";"";"0";"0";"0";"0";"0";"0";"0";"000h00m00s";"3/12/2025 5:16:14 p. m."
"0819";"Normal";"56";"";"";"";"";"";"56";"0";"";"";"";"";"";"0";"0";"0";"0";"0";"0";"0";"000h00m00s";"3/12/2025 5:16:14 p. m."
"0821";"Normal";"28";"";"";"";"";"";"28";"2";"";"";"";"";"";"2";"0";"2";"2";"0";"0";"0";"000h00m00s";"3/12/2025 5:16:14 p. m."
"0825";"Normal";"8";"";"";"";"";"";"8";"2";"";"";"";"";"";"2";"0";"3";"1";"0";"2";"0";"000h00m00s";"3/12/2025 5:16:14 p. m."
"0826";"Normal";"19";"";"";"";"";"";"19";"0";"";"";"";"";"";"0";"0";"0";"0";"0";"0";"0";"000h00m00s";"3/12/2025 5:16:14 p. m."
"0934";"Normal";"0";"";"";"";"";"";"0";"0";"";"";"";"";"";"0";"0";"0";"0";"0";"0";"0";"000h00m00s";"3/12/2025 5:16:14 p. m."
"1004";"Normal";"284";"";"";"";"";"";"284";"23";"";"";"";"";"";"23";"0";"125";"25";"0";"100";"0";"000h00m00s";"3/12/2025 5:16:14 p. m."
"1010";"Normal";"32";"";"";"";"";"";"32";"20";"";"";"";"";"";"20";"0";"20";"20";"0";"0";"0";"000h00m00s";"3/12/2025 5:16:14 p. m."
"1102";"Normal";"48";"";"";"";"";"";"48";"1";"";"";"";"";"";"1";"0";"1";"1";"0";"0";"0";"000h00m00s";"3/12/2025 5:16:14 p. m."
"1111";"Normal";"61";"";"";"";"";"";"61";"4";"";"";"";"";"";"4";"0";"2";"1";"0";"1";"0";"000h00m00s";"3/12/2025 5:16:14 p. m."
"1119";"Normal";"123";"";"";"";"";"";"123";"0";"";"";"";"";"";"0";"0";"5";"0";"0";"5";"0";"000h00m00s";"3/12/2025 5:16:14 p. m."
"1121";"Normal";"123";"";"";"";"";"";"123";"3";"";"";"";"";"";"3";"0";"93";"3";"0";"90";"0";"000h00m00s";"3/12/2025 5:16:14 p. m."
"1122";"Normal";"219";"";"";"";"";"";"219";"0";"";"";"";"";"";"0";"0";"0";"0";"0";"0";"0";"000h00m00s";"3/12/2025 5:16:14 p. m."
"1210";"Normal";"64";"";"";"";"";"";"64";"0";"";"";"";"";"";"0";"0";"0";"0";"0";"0";"0";"000h00m00s";"3/12/2025 5:16:14 p. m."
"1212";"Normal";"103";"";"";"";"";"";"103";"0";"";"";"";"";"";"0";"0";"0";"0";"0";"0";"0";"000h00m00s";"3/12/2025 5:16:14 p. m."
"1234";"Normal";"88";"";"";"";"";"";"88";"0";"";"";"";"";"";"0";"0";"17";"0";"0";"17";"0";"000h00m00s";"3/12/2025 5:16:14 p. m."
"1268";"Normal";"0";"";"";"";"";"";"0";"0";"";"";"";"";"";"0";"0";"0";"0";"0";"0";"0";"000h00m00s";"3/12/2025 5:16:14 p. m."
"1278";"Normal";"690";"";"";"";"";"";"690";"0";"";"";"";"";"";"0";"0";"0";"0";"0";"0";"0";"000h00m00s";"3/12/2025 5:16:14 p. m."
"1303";"Normal";"226";"";"";"";"";"";"226";"0";"";"";"";"";"";"0";"0";"27";"0";"0";"27";"0";"000h00m00s";"3/12/2025 5:16:14 p. m."
"1305";"Normal";"2070";"";"";"";"";"";"2070";"6";"";"";"";"";"";"6";"0";"5";"5";"0";"0";"0";"000h00m00s";"3/12/2025 5:16:14 p. m."
"1306";"Normal";"36";"";"";"";"";"";"36";"0";"";"";"";"";"";"0";"0";"0";"0";"0";"0";"0";"000h00m00s";"3/12/2025 5:16:14 p. m."
"1313";"Normal";"0";"";"";"";"";"";"0";"0";"";"";"";"";"";"0";"0";"0";"0";"0";"0";"0";"000h00m00s";"3/12/2025 5:16:14 p. m."
"1423";"Normal";"90";"";"";"";"";"";"90";"0";"";"";"";"";"";"0";"0";"70";"0";"0";"70";"0";"000h00m00s";"3/12/2025 5:16:14 p. m."
"1472";"Normal";"20";"";"";"";"";"";"20";"0";"";"";"";"";"";"0";"0";"1";"0";"0";"1";"0";"000h00m00s";"3/12/2025 5:16:14 p. m."
"1491";"Normal";"150";"";"";"";"";"";"150";"0";"";"";"";"";"";"0";"0";"0";"0";"0";"0";"0";"000h00m00s";"3/12/2025 5:16:14 p. m."
"1504";"Normal";"61";"";"";"";"";"";"61";"0";"";"";"";"";"";"0";"0";"0";"0";"0";"0";"0";"000h00m00s";"3/12/2025 5:16:14 p. m."
"1510";"Normal";"8778";"";"";"";"";"";"8778";"0";"";"";"";"";"";"0";"0";"0";"0";"0";"0";"0";"000h00m00s";"3/12/2025 5:16:14 p. m."
"1606";"Normal";"99";"";"";"";"";"";"99";"0";"";"";"";"";"";"0";"0";"0";"0";"0";"0";"0";"000h00m00s";"3/12/2025 5:16:14 p. m."
"1611";"Normal";"29";"";"";"";"";"";"29";"0";"";"";"";"";"";"0";"0";"0";"0";"0";"0";"0";"000h00m00s";"3/12/2025 5:16:14 p. m."
"1612";"Normal";"0";"";"";"";"";"";"0";"0";"";"";"";"";"";"0";"0";"0";"0";"0";"0";"0";"000h00m00s";"3/12/2025 5:16:14 p. m."
"1614";"Normal";"0";"";"";"";"";"";"0";"0";"";"";"";"";"";"0";"0";"0";"0";"0";"0";"0";"000h00m00s";"3/12/2025 5:16:14 p. m."
"1706";"Normal";"0";"";"";"";"";"";"0";"0";"";"";"";"";"";"0";"0";"0";"0";"0";"0";"0";"000h00m00s";"3/12/2025 5:16:14 p. m."
"1707";"Normal";"108";"";"";"";"";"";"108";"0";"";"";"";"";"";"0";"0";"0";"0";"0";"0";"0";"000h00m00s";"3/12/2025 5:16:14 p. m."
"1709";"Normal";"0";"";"";"";"";"";"0";"0";"";"";"";"";"";"0";"0";"0";"0";"0";"0";"0";"000h00m00s";"3/12/2025 5:16:14 p. m."
"1758";"Normal";"744";"";"";"";"";"";"744";"0";"";"";"";"";"";"0";"0";"0";"0";"0";"0";"0";"000h00m00s";"3/12/2025 5:16:14 p. m."
"1767";"Normal";"142";"";"";"";"";"";"142";"10";"";"";"";"";"";"10";"0";"10";"10";"0";"0";"0";"000h00m00s";"3/12/2025 5:16:14 p. m."
"1803";"Normal";"111";"";"";"";"";"";"111";"0";"";"";"";"";"";"0";"0";"24";"0";"0";"24";"0";"000h00m00s";"3/12/2025 5:16:14 p. m."
"1903";"Normal";"0";"";"";"";"";"";"0";"0";"";"";"";"";"";"0";"0";"0";"0";"0";"0";"0";"000h00m00s";"3/12/2025 5:16:14 p. m."
"1917";"Normal";"10";"";"";"";"";"";"10";"0";"";"";"";"";"";"0";"0";"0";"0";"0";"0";"0";"000h00m00s";"3/12/2025 5:16:14 p. m."
"1935";"Normal";"71";"";"";"";"";"";"71";"50";"";"";"";"";"";"50";"0";"16";"10";"0";"6";"0";"000h00m00s";"3/12/2025 5:16:14 p. m."
"1937";"Normal";"15";"";"";"";"";"";"15";"0";"";"";"";"";"";"0";"0";"0";"0";"0";"0";"0";"000h00m00s";"3/12/2025 5:16:14 p. m."
"1952";"Normal";"330";"";"";"";"";"";"330";"0";"";"";"";"";"";"0";"0";"0";"0";"0";"0";"0";"000h00m00s";"3/12/2025 5:16:14 p. m."
"1967";"Normal";"56";"";"";"";"";"";"56";"0";"";"";"";"";"";"0";"0";"0";"0";"0";"0";"0";"000h00m00s";"3/12/2025 5:16:14 p. m."
"1970";"Normal";"1124";"";"";"";"";"";"1124";"0";"";"";"";"";"";"0";"0";"0";"0";"0";"0";"0";"000h00m00s";"3/12/2025 5:16:14 p. m."
"1973";"Normal";"113";"";"";"";"";"";"113";"44";"";"";"";"";"";"44";"0";"22";"22";"0";"0";"0";"000h00m00s";"3/12/2025 5:16:14 p. m."
"1975";"Normal";"24";"";"";"";"";"";"24";"0";"";"";"";"";"";"0";"0";"0";"0";"0";"0";"0";"000h00m00s";"3/12/2025 5:16:14 p. m."
"1978";"Normal";"130";"";"";"";"";"";"130";"2";"";"";"";"";"";"2";"0";"1";"1";"0";"0";"0";"000h00m00s";"3/12/2025 5:16:14 p. m."
"1985";"Normal";"0";"";"";"";"";"";"0";"0";"";"";"";"";"";"0";"0";"71";"0";"0";"71";"0";"000h00m00s";"3/12/2025 5:16:14 p. m."
"1987";"Normal";"99";"";"";"";"";"";"99";"0";"";"";"";"";"";"0";"0";"0";"0";"0";"0";"0";"000h00m00s";"3/12/2025 5:16:14 p. m."
"1992";"Normal";"371";"";"";"";"";"";"371";"0";"";"";"";"";"";"0";"0";"9";"0";"0";"9";"0";"000h00m00s";"3/12/2025 5:16:14 p. m."
"1994";"Normal";"18";"";"";"";"";"";"18";"0";"";"";"";"";"";"0";"0";"0";"0";"0";"0";"0";"000h00m00s";"3/12/2025 5:16:14 p. m."
"1995";"Normal";"56";"";"";"";"";"";"56";"0";"";"";"";"";"";"0";"0";"0";"0";"0";"0";"0";"000h00m00s";"3/12/2025 5:16:14 p. m."
"1998";"Normal";"259";"";"";"";"";"";"259";"12";"";"";"";"";"";"12";"0";"57";"5";"0";"52";"0";"000h00m00s";"3/12/2025 5:16:14 p. m."
"2000";"Normal";"125";"";"";"";"";"";"125";"3";"";"";"";"";"";"3";"0";"3";"3";"0";"0";"0";"000h00m00s";"3/12/2025 5:16:14 p. m."
"2001";"Normal";"17";"";"";"";"";"";"17";"0";"";"";"";"";"";"0";"0";"0";"0";"0";"0";"0";"000h00m00s";"3/12/2025 5:16:14 p. m."
"2002";"Normal";"0";"";"";"";"";"";"0";"0";"";"";"";"";"";"0";"0";"0";"0";"0";"0";"0";"000h00m00s";"3/12/2025 5:16:14 p. m."
"2009";"Normal";"129";"";"";"";"";"";"129";"8";"";"";"";"";"";"8";"0";"36";"8";"0";"28";"0";"000h00m00s";"3/12/2025 5:16:14 p. m."
"2015";"Normal";"191";"";"";"";"";"";"191";"30";"";"";"";"";"";"30";"0";"31";"31";"0";"0";"0";"000h00m00s";"3/12/2025 5:16:14 p. m."
"2016";"Normal";"544";"";"";"";"";"";"544";"0";"";"";"";"";"";"0";"0";"0";"0";"0";"0";"0";"000h00m00s";"3/12/2025 5:16:14 p. m."
"2020";"Normal";"108";"";"";"";"";"";"108";"0";"";"";"";"";"";"0";"0";"0";"0";"0";"0";"0";"000h00m00s";"3/12/2025 5:16:14 p. m."
"2022";"Normal";"117";"";"";"";"";"";"117";"3";"";"";"";"";"";"3";"0";"9";"3";"0";"6";"0";"000h00m00s";"3/12/2025 5:16:14 p. m."
"2023";"Normal";"533";"";"";"";"";"";"533";"0";"";"";"";"";"";"0";"0";"0";"0";"0";"0";"0";"000h00m00s";"3/12/2025 5:16:14 p. m."
"2024";"Normal";"0";"";"";"";"";"";"0";"0";"";"";"";"";"";"0";"0";"0";"0";"0";"0";"0";"000h00m00s";"3/12/2025 5:16:14 p. m."
"2025";"Normal";"0";"";"";"";"";"";"0";"0";"";"";"";"";"";"0";"0";"0";"0";"0";"0";"0";"000h00m00s";"3/12/2025 5:16:14 p. m."
"2026";"Normal";"339";"";"";"";"";"";"339";"0";"";"";"";"";"";"0";"0";"0";"0";"0";"0";"0";"000h00m00s";"3/12/2025 5:16:14 p. m."
"2027";"Normal";"0";"";"";"";"";"";"0";"0";"";"";"";"";"";"0";"0";"0";"0";"0";"0";"0";"000h00m00s";"3/12/2025 5:16:14 p. m."
"2028";"Normal";"0";"";"";"";"";"";"0";"0";"";"";"";"";"";"0";"0";"0";"0";"0";"0";"0";"000h00m00s";"3/12/2025 5:16:14 p. m."
"2084";"Normal";"103";"";"";"";"";"";"103";"15";"";"";"";"";"";"15";"0";"7";"7";"0";"0";"0";"000h00m00s";"3/12/2025 5:16:14 p. m."
"2170";"Normal";"0";"";"";"";"";"";"0";"0";"";"";"";"";"";"0";"0";"0";"0";"0";"0";"0";"000h00m00s";"3/12/2025 5:16:14 p. m."
"2201";"Normal";"194";"";"";"";"";"";"194";"28";"";"";"";"";"";"28";"0";"73";"28";"0";"45";"0";"000h00m00s";"3/12/2025 5:16:14 p. m."
"2203";"Normal";"899";"";"";"";"";"";"899";"0";"";"";"";"";"";"0";"0";"0";"0";"0";"0";"0";"000h00m00s";"3/12/2025 5:16:14 p. m."
"2205";"Normal";"76";"";"";"";"";"";"76";"0";"";"";"";"";"";"0";"0";"0";"0";"0";"0";"0";"000h00m00s";"3/12/2025 5:16:14 p. m."
"2211";"Normal";"261";"";"";"";"";"";"261";"0";"";"";"";"";"";"0";"0";"0";"0";"0";"0";"0";"000h00m00s";"3/12/2025 5:16:14 p. m."
"2213";"Normal";"355";"";"";"";"";"";"355";"0";"";"";"";"";"";"0";"0";"0";"0";"0";"0";"0";"000h00m00s";"3/12/2025 5:16:14 p. m."
"2223";"Normal";"24";"";"";"";"";"";"24";"0";"";"";"";"";"";"0";"0";"14";"0";"0";"14";"0";"000h00m00s";"3/12/2025 5:16:14 p. m."
"2301";"Normal";"133";"";"";"";"";"";"133";"70";"";"";"";"";"";"70";"0";"77";"71";"0";"6";"0";"000h00m00s";"3/12/2025 5:16:14 p. m."
"2307";"Normal";"23";"";"";"";"";"";"23";"4";"";"";"";"";"";"4";"0";"35";"4";"0";"31";"0";"000h00m00s";"3/12/2025 5:16:14 p. m."
"2356";"Normal";"46";"";"";"";"";"";"46";"0";"";"";"";"";"";"0";"0";"47";"0";"0";"47";"0";"000h00m00s";"3/12/2025 5:16:14 p. m."
"2418";"Normal";"310";"";"";"";"";"";"310";"0";"";"";"";"";"";"0";"0";"0";"0";"0";"0";"0";"000h00m00s";"3/12/2025 5:16:14 p. m."
"2424";"Normal";"0";"";"";"";"";"";"0";"0";"";"";"";"";"";"0";"0";"0";"0";"0";"0";"0";"000h00m00s";"3/12/2025 5:16:14 p. m."
"2429";"Normal";"145";"";"";"";"";"";"145";"2";"";"";"";"";"";"2";"0";"3";"3";"0";"0";"0";"000h00m00s";"3/12/2025 5:16:14 p. m."
"2502";"Normal";"221";"";"";"";"";"";"221";"270";"";"";"";"";"";"270";"0";"93";"81";"0";"12";"0";"000h00m00s";"3/12/2025 5:16:14 p. m."
"2503";"Normal";"81";"";"";"";"";"";"81";"0";"";"";"";"";"";"0";"0";"0";"0";"0";"0";"0";"000h00m00s";"3/12/2025 5:16:14 p. m."
"2527";"Normal";"147";"";"";"";"";"";"147";"13";"";"";"";"";"";"13";"0";"10";"10";"0";"0";"0";"000h00m00s";"3/12/2025 5:16:14 p. m."
"2620";"Normal";"0";"";"";"";"";"";"0";"0";"";"";"";"";"";"0";"0";"0";"0";"0";"0";"0";"000h00m00s";"3/12/2025 5:16:14 p. m."
"2705";"Normal";"1";"";"";"";"";"";"1";"0";"";"";"";"";"";"0";"0";"0";"0";"0";"0";"0";"000h00m00s";"3/12/2025 5:16:14 p. m."
"2708";"Normal";"15";"";"";"";"";"";"15";"0";"";"";"";"";"";"0";"0";"0";"0";"0";"0";"0";"000h00m00s";"3/12/2025 5:16:14 p. m."
"2716";"Normal";"291";"";"";"";"";"";"291";"0";"";"";"";"";"";"0";"0";"0";"0";"0";"0";"0";"000h00m00s";"3/12/2025 5:16:14 p. m."
"2755";"Normal";"1";"";"";"";"";"";"1";"0";"";"";"";"";"";"0";"0";"0";"0";"0";"0";"0";"000h00m00s";"3/12/2025 5:16:14 p. m."
"2784";"Normal";"64";"";"";"";"";"";"64";"0";"";"";"";"";"";"0";"0";"0";"0";"0";"0";"0";"000h00m00s";"3/12/2025 5:16:14 p. m."
"2904";"Normal";"34";"";"";"";"";"";"34";"0";"";"";"";"";"";"0";"0";"0";"0";"0";"0";"0";"000h00m00s";"3/12/2025 5:16:14 p. m."
"2905";"Normal";"0";"";"";"";"";"";"0";"0";"";"";"";"";"";"0";"0";"0";"0";"0";"0";"0";"000h00m00s";"3/12/2025 5:16:14 p. m."
"2953";"Normal";"0";"";"";"";"";"";"0";"22";"";"";"";"";"";"22";"0";"11";"11";"0";"0";"0";"000h00m00s";"3/12/2025 5:16:14 p. m."
"3004";"Normal";"134";"";"";"";"";"";"134";"31";"";"";"";"";"";"31";"0";"20";"18";"0";"2";"0";"000h00m00s";"3/12/2025 5:16:14 p. m."
"3005";"Normal";"304";"";"";"";"";"";"304";"43";"";"";"";"";"";"43";"0";"27";"24";"0";"3";"0";"000h00m00s";"3/12/2025 5:16:14 p. m."
"3019";"Normal";"0";"";"";"";"";"";"0";"3";"";"";"";"";"";"3";"0";"2";"2";"0";"0";"0";"000h00m00s";"3/12/2025 5:16:14 p. m."
"3107";"Normal";"18";"";"";"";"";"";"18";"0";"";"";"";"";"";"0";"0";"0";"0";"0";"0";"0";"000h00m00s";"3/12/2025 5:16:14 p. m."
"3146";"Normal";"132";"";"";"";"";"";"132";"13";"";"";"";"";"";"13";"0";"7";"7";"0";"0";"0";"000h00m00s";"3/12/2025 5:16:14 p. m."
"3333";"Normal";"0";"";"";"";"";"";"0";"0";"";"";"";"";"";"0";"0";"0";"0";"0";"0";"0";"000h00m00s";"3/12/2025 5:16:14 p. m."
"3566";"Normal";"273";"";"";"";"";"";"273";"7";"";"";"";"";"";"7";"0";"117";"7";"0";"110";"0";"000h00m00s";"3/12/2025 5:16:14 p. m."
"3824";"Normal";"34";"";"";"";"";"";"34";"0";"";"";"";"";"";"0";"0";"0";"0";"0";"0";"0";"000h00m00s";"3/12/2025 5:16:14 p. m."
"4012";"Normal";"248";"";"";"";"";"";"248";"0";"";"";"";"";"";"0";"0";"0";"0";"0";"0";"0";"000h00m00s";"3/12/2025 5:16:14 p. m."
"4013";"Normal";"0";"";"";"";"";"";"0";"0";"";"";"";"";"";"0";"0";"0";"0";"0";"0";"0";"000h00m00s";"3/12/2025 5:16:14 p. m."
"4061";"Normal";"487";"";"";"";"";"";"487";"0";"";"";"";"";"";"0";"0";"0";"0";"0";"0";"0";"000h00m00s";"3/12/2025 5:16:14 p. m."
"4086";"Normal";"128";"";"";"";"";"";"128";"0";"";"";"";"";"";"0";"0";"0";"0";"0";"0";"0";"000h00m00s";"3/12/2025 5:16:14 p. m."
"4163";"Normal";"125";"";"";"";"";"";"125";"0";"";"";"";"";"";"0";"0";"0";"0";"0";"0";"0";"000h00m00s";"3/12/2025 5:16:14 p. m."
"4210";"Normal";"46";"";"";"";"";"";"46";"0";"";"";"";"";"";"0";"0";"0";"0";"0";"0";"0";"000h00m00s";"3/12/2025 5:16:14 p. m."
"4312";"Normal";"11";"";"";"";"";"";"11";"0";"";"";"";"";"";"0";"0";"0";"0";"0";"0";"0";"000h00m00s";"3/12/2025 5:16:14 p. m."
"4321";"Normal";"0";"";"";"";"";"";"0";"0";"";"";"";"";"";"0";"0";"0";"0";"0";"0";"0";"000h00m00s";"3/12/2025 5:16:14 p. m."
"4423";"Normal";"0";"";"";"";"";"";"0";"0";"";"";"";"";"";"0";"0";"0";"0";"0";"0";"0";"000h00m00s";"3/12/2025 5:16:14 p. m."
"4523";"Normal";"84";"";"";"";"";"";"84";"0";"";"";"";"";"";"0";"0";"0";"0";"0";"0";"0";"000h00m00s";"3/12/2025 5:16:14 p. m."
"4775";"Normal";"41";"";"";"";"";"";"41";"0";"";"";"";"";"";"0";"0";"0";"0";"0";"0";"0";"000h00m00s";"3/12/2025 5:16:14 p. m."
"4858";"Normal";"0";"";"";"";"";"";"0";"0";"";"";"";"";"";"0";"0";"0";"0";"0";"0";"0";"000h00m00s";"3/12/2025 5:16:14 p. m."
"5020";"Normal";"194";"";"";"";"";"";"194";"0";"";"";"";"";"";"0";"0";"0";"0";"0";"0";"0";"000h00m00s";"3/12/2025 5:16:14 p. m."
"5467";"Normal";"267";"";"";"";"";"";"267";"0";"";"";"";"";"";"0";"0";"0";"0";"0";"0";"0";"000h00m00s";"3/12/2025 5:16:14 p. m."
"5648";"Normal";"134";"";"";"";"";"";"134";"0";"";"";"";"";"";"0";"0";"10";"0";"0";"10";"0";"000h00m00s";"3/12/2025 5:16:14 p. m."
"6001";"Normal";"128";"";"";"";"";"";"128";"2";"";"";"";"";"";"2";"0";"2";"2";"0";"0";"0";"000h00m00s";"3/12/2025 5:16:14 p. m."
"6025";"Normal";"141";"";"";"";"";"";"141";"0";"";"";"";"";"";"0";"0";"0";"0";"0";"0";"0";"000h00m00s";"3/12/2025 5:16:14 p. m."
"6028";"Normal";"64";"";"";"";"";"";"64";"0";"";"";"";"";"";"0";"0";"0";"0";"0";"0";"0";"000h00m00s";"3/12/2025 5:16:14 p. m."
"6034";"Normal";"259";"";"";"";"";"";"259";"0";"";"";"";"";"";"0";"0";"1";"1";"0";"0";"0";"000h00m00s";"3/12/2025 5:16:14 p. m."
"6037";"Normal";"0";"";"";"";"";"";"0";"0";"";"";"";"";"";"0";"0";"0";"0";"0";"0";"0";"000h00m00s";"3/12/2025 5:16:14 p. m."
"6048";"Normal";"0";"";"";"";"";"";"0";"0";"";"";"";"";"";"0";"0";"0";"0";"0";"0";"0";"000h00m00s";"3/12/2025 5:16:14 p. m."
"6076";"Normal";"261";"";"";"";"";"";"261";"1";"";"";"";"";"";"1";"0";"1";"1";"0";"0";"0";"000h00m00s";"3/12/2025 5:16:14 p. m."
"6088";"Normal";"0";"";"";"";"";"";"0";"0";"";"";"";"";"";"0";"0";"0";"0";"0";"0";"0";"000h00m00s";"3/12/2025 5:16:14 p. m."
"6092";"Normal";"32";"";"";"";"";"";"32";"0";"";"";"";"";"";"0";"0";"0";"0";"0";"0";"0";"000h00m00s";"3/12/2025 5:16:14 p. m."
"6097";"Normal";"6";"";"";"";"";"";"6";"0";"";"";"";"";"";"0";"0";"0";"0";"0";"0";"0";"000h00m00s";"3/12/2025 5:16:14 p. m."
"6281";"Normal";"0";"";"";"";"";"";"0";"0";"";"";"";"";"";"0";"0";"0";"0";"0";"0";"0";"000h00m00s";"3/12/2025 5:16:14 p. m."
"6336";"Normal";"105";"";"";"";"";"";"105";"1";"";"";"";"";"";"1";"0";"1";"1";"0";"0";"0";"000h00m00s";"3/12/2025 5:16:14 p. m."
"6568";"Normal";"261";"";"";"";"";"";"261";"8";"";"";"";"";"";"8";"0";"97";"8";"0";"89";"0";"000h00m00s";"3/12/2025 5:16:14 p. m."
"6754";"Normal";"0";"";"";"";"";"";"0";"0";"";"";"";"";"";"0";"0";"0";"0";"0";"0";"0";"000h00m00s";"3/12/2025 5:16:14 p. m."
"6784";"Normal";"12";"";"";"";"";"";"12";"269";"";"";"";"";"";"269";"0";"53";"53";"0";"0";"0";"000h00m00s";"3/12/2025 5:16:14 p. m."
"6871";"Normal";"126";"";"";"";"";"";"126";"0";"";"";"";"";"";"0";"0";"0";"0";"0";"0";"0";"000h00m00s";"3/12/2025 5:16:14 p. m."
"7005";"Normal";"1";"";"";"";"";"";"1";"0";"";"";"";"";"";"0";"0";"0";"0";"0";"0";"0";"000h00m00s";"3/12/2025 5:16:14 p. m."
"7007";"Normal";"111";"";"";"";"";"";"111";"0";"";"";"";"";"";"0";"0";"0";"0";"0";"0";"0";"000h00m00s";"3/12/2025 5:16:14 p. m."
"7012";"Normal";"174";"";"";"";"";"";"174";"13";"";"";"";"";"";"13";"0";"33";"8";"0";"25";"0";"000h00m00s";"3/12/2025 5:16:14 p. m."
"7021";"Normal";"98";"";"";"";"";"";"98";"6";"";"";"";"";"";"6";"0";"8";"6";"0";"2";"0";"000h00m00s";"3/12/2025 5:16:14 p. m."
"7026";"Normal";"0";"";"";"";"";"";"0";"0";"";"";"";"";"";"0";"0";"0";"0";"0";"0";"0";"000h00m00s";"3/12/2025 5:16:14 p. m."
"7032";"Normal";"136";"";"";"";"";"";"136";"1";"";"";"";"";"";"1";"0";"5";"1";"0";"4";"0";"000h00m00s";"3/12/2025 5:16:14 p. m."
"7033";"Normal";"8";"";"";"";"";"";"8";"0";"";"";"";"";"";"0";"0";"18";"0";"0";"18";"0";"000h00m00s";"3/12/2025 5:16:14 p. m."
"7034";"Normal";"58";"";"";"";"";"";"58";"0";"";"";"";"";"";"0";"0";"0";"0";"0";"0";"0";"000h00m00s";"3/12/2025 5:16:14 p. m."
"7035";"Normal";"0";"";"";"";"";"";"0";"12";"";"";"";"";"";"12";"0";"12";"12";"0";"0";"0";"000h00m00s";"3/12/2025 5:16:14 p. m."
"7036";"Normal";"24";"";"";"";"";"";"24";"0";"";"";"";"";"";"0";"0";"26";"0";"0";"26";"0";"000h00m00s";"3/12/2025 5:16:14 p. m."
"7045";"Normal";"157";"";"";"";"";"";"157";"1";"";"";"";"";"";"1";"0";"6";"1";"0";"5";"0";"000h00m00s";"3/12/2025 5:16:14 p. m."
"7066";"Normal";"4";"";"";"";"";"";"4";"0";"";"";"";"";"";"0";"0";"17";"0";"0";"17";"0";"000h00m00s";"3/12/2025 5:16:14 p. m."
"7067";"Normal";"406";"";"";"";"";"";"406";"0";"";"";"";"";"";"0";"0";"0";"0";"0";"0";"0";"000h00m00s";"3/12/2025 5:16:14 p. m."
"7082";"Normal";"192";"";"";"";"";"";"192";"2";"";"";"";"";"";"2";"0";"28";"2";"0";"26";"0";"000h00m00s";"3/12/2025 5:16:14 p. m."
"7087";"Normal";"56";"";"";"";"";"";"56";"0";"";"";"";"";"";"0";"0";"8";"0";"0";"8";"0";"000h00m00s";"3/12/2025 5:16:14 p. m."
"7091";"Normal";"0";"";"";"";"";"";"0";"0";"";"";"";"";"";"0";"0";"0";"0";"0";"0";"0";"000h00m00s";"3/12/2025 5:16:14 p. m."
"7094";"Normal";"356";"";"";"";"";"";"356";"0";"";"";"";"";"";"0";"0";"15";"0";"0";"15";"0";"000h00m00s";"3/12/2025 5:16:14 p. m."
"7097";"Normal";"29";"";"";"";"";"";"29";"0";"";"";"";"";"";"0";"0";"0";"0";"0";"0";"0";"000h00m00s";"3/12/2025 5:16:14 p. m."
"7121";"Normal";"174";"";"";"";"";"";"174";"0";"";"";"";"";"";"0";"0";"0";"0";"0";"0";"0";"000h00m00s";"3/12/2025 5:16:14 p. m."
"7214";"Normal";"215";"";"";"";"";"";"215";"0";"";"";"";"";"";"0";"0";"0";"0";"0";"0";"0";"000h00m00s";"3/12/2025 5:16:14 p. m."
"7216";"Normal";"78";"";"";"";"";"";"78";"0";"";"";"";"";"";"0";"0";"52";"0";"0";"52";"0";"000h00m00s";"3/12/2025 5:16:14 p. m."
"7496";"Normal";"0";"";"";"";"";"";"0";"0";"";"";"";"";"";"0";"0";"0";"0";"0";"0";"0";"000h00m00s";"3/12/2025 5:16:14 p. m."
"7532";"Normal";"68";"";"";"";"";"";"68";"0";"";"";"";"";"";"0";"0";"0";"0";"0";"0";"0";"000h00m00s";"3/12/2025 5:16:14 p. m."
"7605";"Normal";"143";"";"";"";"";"";"143";"1";"";"";"";"";"";"1";"0";"24";"1";"0";"23";"0";"000h00m00s";"3/12/2025 5:16:14 p. m."
"7777";"Normal";"1";"";"";"";"";"";"1";"0";"";"";"";"";"";"0";"0";"0";"0";"0";"0";"0";"000h00m00s";"3/12/2025 5:16:14 p. m."
"7811";"Normal";"3";"";"";"";"";"";"3";"0";"";"";"";"";"";"0";"0";"0";"0";"0";"0";"0";"000h00m00s";"3/12/2025 5:16:14 p. m."
"7894";"Normal";"0";"";"";"";"";"";"0";"88";"";"";"";"";"";"88";"0";"54";"54";"0";"0";"0";"000h00m00s";"3/12/2025 5:16:14 p. m."
"7907";"Normal";"16";"";"";"";"";"";"16";"0";"";"";"";"";"";"0";"0";"0";"0";"0";"0";"0";"000h00m00s";"3/12/2025 5:16:14 p. m."
"8005";"Normal";"127";"";"";"";"";"";"127";"0";"";"";"";"";"";"0";"0";"0";"0";"0";"0";"0";"000h00m00s";"3/12/2025 5:16:14 p. m."
"8008";"Normal";"88";"";"";"";"";"";"88";"2";"";"";"";"";"";"2";"0";"5";"5";"0";"0";"0";"000h00m00s";"3/12/2025 5:16:14 p. m."
"8010";"Normal";"289";"";"";"";"";"";"289";"25";"";"";"";"";"";"25";"0";"16";"16";"0";"0";"0";"000h00m00s";"3/12/2025 5:16:14 p. m."
"8011";"Normal";"0";"";"";"";"";"";"0";"0";"";"";"";"";"";"0";"0";"0";"0";"0";"0";"0";"000h00m00s";"3/12/2025 5:16:14 p. m."
"8014";"Normal";"70";"";"";"";"";"";"70";"2";"";"";"";"";"";"2";"0";"1";"1";"0";"0";"0";"000h00m00s";"3/12/2025 5:16:14 p. m."
"8020";"Normal";"267";"";"";"";"";"";"267";"0";"";"";"";"";"";"0";"0";"0";"0";"0";"0";"0";"000h00m00s";"3/12/2025 5:16:14 p. m."
"8023";"Normal";"0";"";"";"";"";"";"0";"0";"";"";"";"";"";"0";"0";"0";"0";"0";"0";"0";"000h00m00s";"3/12/2025 5:16:14 p. m."
"8025";"Normal";"91";"";"";"";"";"";"91";"0";"";"";"";"";"";"0";"0";"0";"0";"0";"0";"0";"000h00m00s";"3/12/2025 5:16:14 p. m."
"8030";"Normal";"476";"";"";"";"";"";"476";"0";"";"";"";"";"";"0";"0";"0";"0";"0";"0";"0";"000h00m00s";"3/12/2025 5:16:14 p. m."
"8033";"Normal";"99";"";"";"";"";"";"99";"0";"";"";"";"";"";"0";"0";"0";"0";"0";"0";"0";"000h00m00s";"3/12/2025 5:16:14 p. m."
"8035";"Normal";"327";"";"";"";"";"";"327";"20";"";"";"";"";"";"20";"0";"17";"17";"0";"0";"0";"000h00m00s";"3/12/2025 5:16:14 p. m."
"8036";"Normal";"0";"";"";"";"";"";"0";"6";"";"";"";"";"";"6";"0";"3";"3";"0";"0";"0";"000h00m00s";"3/12/2025 5:16:14 p. m."
"8040";"Normal";"331";"";"";"";"";"";"331";"18";"";"";"";"";"";"18";"0";"12";"12";"0";"0";"0";"000h00m00s";"3/12/2025 5:16:14 p. m."
"8044";"Normal";"30";"";"";"";"";"";"30";"0";"";"";"";"";"";"0";"0";"0";"0";"0";"0";"0";"000h00m00s";"3/12/2025 5:16:14 p. m."
"8049";"Normal";"48";"";"";"";"";"";"48";"0";"";"";"";"";"";"0";"0";"0";"0";"0";"0";"0";"000h00m00s";"3/12/2025 5:16:14 p. m."
"8050";"Normal";"264";"";"";"";"";"";"264";"24";"";"";"";"";"";"24";"0";"11";"11";"0";"0";"0";"000h00m00s";"3/12/2025 5:16:14 p. m."
"8051";"Normal";"101";"";"";"";"";"";"101";"0";"";"";"";"";"";"0";"0";"0";"0";"0";"0";"0";"000h00m00s";"3/12/2025 5:16:14 p. m."
"8058";"Normal";"0";"";"";"";"";"";"0";"0";"";"";"";"";"";"0";"0";"0";"0";"0";"0";"0";"000h00m00s";"3/12/2025 5:16:14 p. m."
"8060";"Normal";"206";"";"";"";"";"";"206";"8";"";"";"";"";"";"8";"0";"4";"4";"0";"0";"0";"000h00m00s";"3/12/2025 5:16:14 p. m."
"8064";"Normal";"126";"";"";"";"";"";"126";"0";"";"";"";"";"";"0";"0";"0";"0";"0";"0";"0";"000h00m00s";"3/12/2025 5:16:14 p. m."
"8070";"Normal";"167";"";"";"";"";"";"167";"4";"";"";"";"";"";"4";"0";"2";"2";"0";"0";"0";"000h00m00s";"3/12/2025 5:16:14 p. m."
"8074";"Normal";"667";"";"";"";"";"";"667";"2";"";"";"";"";"";"2";"0";"3";"3";"0";"0";"0";"000h00m00s";"3/12/2025 5:16:14 p. m."
"8078";"Normal";"47";"";"";"";"";"";"47";"0";"";"";"";"";"";"0";"0";"0";"0";"0";"0";"0";"000h00m00s";"3/12/2025 5:16:14 p. m."
"8081";"Normal";"605";"";"";"";"";"";"605";"0";"";"";"";"";"";"0";"0";"0";"0";"0";"0";"0";"000h00m00s";"3/12/2025 5:16:14 p. m."
"8085";"Normal";"104";"";"";"";"";"";"104";"36";"";"";"";"";"";"36";"0";"8";"8";"0";"0";"0";"000h00m00s";"3/12/2025 5:16:14 p. m."
"8090";"Normal";"91";"";"";"";"";"";"91";"0";"";"";"";"";"";"0";"0";"0";"0";"0";"0";"0";"000h00m00s";"3/12/2025 5:16:14 p. m."
"8098";"Normal";"131";"";"";"";"";"";"131";"0";"";"";"";"";"";"0";"0";"0";"0";"0";"0";"0";"000h00m00s";"3/12/2025 5:16:14 p. m."
"8207";"Normal";"47";"";"";"";"";"";"47";"0";"";"";"";"";"";"0";"0";"0";"0";"0";"0";"0";"000h00m00s";"3/12/2025 5:16:14 p. m."
"8346";"Normal";"0";"";"";"";"";"";"0";"0";"";"";"";"";"";"0";"0";"0";"0";"0";"0";"0";"000h00m00s";"3/12/2025 5:16:14 p. m."
"8888";"Normal";"89";"";"";"";"";"";"89";"6";"";"";"";"";"";"6";"0";"6";"5";"0";"1";"0";"000h00m00s";"3/12/2025 5:16:14 p. m."
"8899";"Normal";"199";"";"";"";"";"";"199";"0";"";"";"";"";"";"0";"0";"0";"0";"0";"0";"0";"000h00m00s";"3/12/2025 5:16:14 p. m."
"8919";"Normal";"125";"";"";"";"";"";"125";"0";"";"";"";"";"";"0";"0";"0";"0";"0";"0";"0";"000h00m00s";"3/12/2025 5:16:14 p. m."
"9000";"Normal";"370";"";"";"";"";"";"370";"0";"";"";"";"";"";"0";"0";"0";"0";"0";"0";"0";"000h00m00s";"3/12/2025 5:16:14 p. m."
"9001";"Normal";"138";"";"";"";"";"";"138";"0";"";"";"";"";"";"0";"0";"0";"0";"0";"0";"0";"000h00m00s";"3/12/2025 5:16:14 p. m."
"9002";"Normal";"610";"";"";"";"";"";"610";"0";"";"";"";"";"";"0";"0";"0";"0";"0";"0";"0";"000h00m00s";"3/12/2025 5:16:14 p. m."
"9003";"Normal";"0";"";"";"";"";"";"0";"0";"";"";"";"";"";"0";"0";"0";"0";"0";"0";"0";"000h00m00s";"3/12/2025 5:16:14 p. m."
"9004";"Normal";"2015";"";"";"";"";"";"2015";"0";"";"";"";"";"";"0";"0";"0";"0";"0";"0";"0";"000h00m00s";"3/12/2025 5:16:14 p. m."
"9005";"Normal";"484";"";"";"";"";"";"484";"0";"";"";"";"";"";"0";"0";"0";"0";"0";"0";"0";"000h00m00s";"3/12/2025 5:16:14 p. m."
"9009";"Normal";"0";"";"";"";"";"";"0";"0";"";"";"";"";"";"0";"0";"0";"0";"0";"0";"0";"000h00m00s";"3/12/2025 5:16:14 p. m."
"9010";"Normal";"77";"";"";"";"";"";"77";"0";"";"";"";"";"";"0";"0";"0";"0";"0";"0";"0";"000h00m00s";"3/12/2025 5:16:14 p. m."
"9608";"Normal";"467";"";"";"";"";"";"467";"13";"";"";"";"";"";"13";"0";"249";"6";"0";"243";"0";"000h00m00s";"3/12/2025 5:16:14 p. m."
"9736";"Normal";"0";"";"";"";"";"";"0";"0";"";"";"";"";"";"0";"0";"0";"0";"0";"0";"0";"000h00m00s";"3/12/2025 5:16:14 p. m."
"9815";"Normal";"167";"";"";"";"";"";"167";"0";"";"";"";"";"";"0";"0";"0";"0";"0";"0";"0";"000h00m00s";"3/12/2025 5:16:14 p. m."
"9868";"Normal";"13";"";"";"";"";"";"13";"2";"";"";"";"";"";"2";"0";"8";"2";"0";"6";"0";"000h00m00s";"3/12/2025 5:16:14 p. m."
"9905";"Normal";"294";"";"";"";"";"";"294";"0";"";"";"";"";"";"0";"0";"0";"0";"0";"0";"0";"000h00m00s";"3/12/2025 5:16:14 p. m."
"12345";"Normal";"4";"";"";"";"";"";"4";"0";"";"";"";"";"";"0";"0";"0";"0";"0";"0";"0";"000h00m00s";"3/12/2025 5:16:14 p. m."
"15160";"Normal";"119";"";"";"";"";"";"119";"0";"";"";"";"";"";"0";"0";"0";"0";"0";"0";"0";"000h00m00s";"3/12/2025 5:16:14 p. m."
"15287";"Normal";"8";"";"";"";"";"";"8";"0";"";"";"";"";"";"0";"0";"0";"0";"0";"0";"0";"000h00m00s";"3/12/2025 5:16:14 p. m."
"15975";"Normal";"19";"";"";"";"";"";"19";"0";"";"";"";"";"";"0";"0";"0";"0";"0";"0";"0";"000h00m00s";"3/12/2025 5:16:14 p. m."
"17425";"Normal";"0";"";"";"";"";"";"0";"0";"";"";"";"";"";"0";"0";"0";"0";"0";"0";"0";"000h00m00s";"3/12/2025 5:16:14 p. m."
"19932";"Normal";"0";"";"";"";"";"";"0";"0";"";"";"";"";"";"0";"0";"0";"0";"0";"0";"0";"000h00m00s";"3/12/2025 5:16:14 p. m."
"20250";"Normal";"181";"";"";"";"";"";"181";"0";"";"";"";"";"";"0";"0";"77";"0";"0";"77";"0";"000h00m00s";"3/12/2025 5:16:14 p. m."
"20251";"Normal";"2";"";"";"";"";"";"2";"0";"";"";"";"";"";"0";"0";"0";"0";"0";"0";"0";"000h00m00s";"3/12/2025 5:16:14 p. m."
"21121";"Normal";"56";"";"";"";"";"";"56";"2";"";"";"";"";"";"2";"0";"73";"2";"0";"71";"0";"000h00m00s";"3/12/2025 5:16:14 p. m."
"25049";"Normal";"0";"";"";"";"";"";"0";"0";"";"";"";"";"";"0";"0";"0";"0";"0";"0";"0";"000h00m00s";"3/12/2025 5:16:14 p. m."
"25257";"Normal";"0";"";"";"";"";"";"0";"0";"";"";"";"";"";"0";"0";"0";"0";"0";"0";"0";"000h00m00s";"3/12/2025 5:16:14 p. m."
"25366";"Normal";"310";"";"";"";"";"";"310";"0";"";"";"";"";"";"0";"0";"136";"0";"0";"136";"0";"000h00m00s";"3/12/2025 5:16:14 p. m."
"30111";"Normal";"0";"";"";"";"";"";"0";"0";"";"";"";"";"";"0";"0";"0";"0";"0";"0";"0";"000h00m00s";"3/12/2025 5:16:14 p. m."
"44444";"Normal";"231";"";"";"";"";"";"231";"0";"";"";"";"";"";"0";"0";"45";"0";"0";"45";"0";"000h00m00s";"3/12/2025 5:16:14 p. m."
"052919";"Normal";"786";"";"";"";"";"";"786";"1";"";"";"";"";"";"1";"0";"14";"1";"0";"13";"0";"000h00m00s";"3/12/2025 5:16:14 p. m."
"54321";"Normal";"89";"";"";"";"";"";"89";"24";"";"";"";"";"";"24";"0";"101";"36";"0";"65";"0";"000h00m00s";"3/12/2025 5:16:14 p. m."
"67890";"Normal";"3";"";"";"";"";"";"3";"0";"";"";"";"";"";"0";"0";"0";"0";"0";"0";"0";"000h00m00s";"3/12/2025 5:16:14 p. m."
"70665";"Normal";"599";"";"";"";"";"";"599";"6";"";"";"";"";"";"6";"0";"57";"5";"0";"52";"0";"000h00m00s";"3/12/2025 5:16:14 p. m."
"77777";"Normal";"0";"";"";"";"";"";"0";"0";"";"";"";"";"";"0";"0";"0";"0";"0";"0";"0";"000h00m00s";"3/12/2025 5:16:14 p. m."
"80262";"Normal";"23";"";"";"";"";"";"23";"0";"";"";"";"";"";"0";"0";"0";"0";"0";"0";"0";"000h00m00s";"3/12/2025 5:16:14 p. m."
"85020";"Normal";"208";"";"";"";"";"";"208";"8";"";"";"";"";"";"8";"0";"286";"4";"0";"282";"0";"000h00m00s";"3/12/2025 5:16:14 p. m."
"88888";"Normal";"7";"";"";"";"";"";"7";"0";"";"";"";"";"";"0";"0";"0";"0";"0";"0";"0";"000h00m00s";"3/12/2025 5:16:14 p. m."
"092312";"Normal";"0";"";"";"";"";"";"0";"0";"";"";"";"";"";"0";"0";"0";"0";"0";"0";"0";"000h00m00s";"3/12/2025 5:16:14 p. m."
"92312";"Normal";"340";"";"";"";"";"";"340";"0";"";"";"";"";"";"0";"0";"0";"0";"0";"0";"0";"000h00m00s";"3/12/2025 5:16:14 p. m."
"97052";"Normal";"23";"";"";"";"";"";"23";"2";"";"";"";"";"";"2";"0";"3";"2";"0";"1";"0";"000h00m00s";"3/12/2025 5:16:14 p. m."
"100425";"Normal";"82";"";"";"";"";"";"82";"0";"";"";"";"";"";"0";"0";"0";"0";"0";"0";"0";"000h00m00s";"3/12/2025 5:16:14 p. m."
"100591";"Normal";"365";"";"";"";"";"";"365";"5";"";"";"";"";"";"5";"0";"20";"1";"0";"19";"0";"000h00m00s";"3/12/2025 5:16:14 p. m."
"123456";"Normal";"63";"";"";"";"";"";"63";"22";"";"";"";"";"";"22";"0";"11";"11";"0";"0";"0";"000h00m00s";"3/12/2025 5:16:14 p. m."
"131313";"Normal";"192";"";"";"";"";"";"192";"0";"";"";"";"";"";"0";"0";"20";"0";"0";"20";"0";"000h00m00s";"3/12/2025 5:16:14 p. m."
"142533";"Normal";"0";"";"";"";"";"";"0";"2";"";"";"";"";"";"2";"0";"19";"1";"0";"18";"0";"000h00m00s";"3/12/2025 5:16:14 p. m."
"150828";"Normal";"0";"";"";"";"";"";"0";"0";"";"";"";"";"";"0";"0";"0";"0";"0";"0";"0";"000h00m00s";"3/12/2025 5:16:14 p. m."
"170195";"Normal";"147";"";"";"";"";"";"147";"2";"";"";"";"";"";"2";"0";"9";"2";"0";"7";"0";"000h00m00s";"3/12/2025 5:16:14 p. m."
"181818";"Normal";"19";"";"";"";"";"";"19";"0";"";"";"";"";"";"0";"0";"0";"0";"0";"0";"0";"000h00m00s";"3/12/2025 5:16:14 p. m."
"191919";"Normal";"0";"";"";"";"";"";"0";"0";"";"";"";"";"";"0";"0";"0";"0";"0";"0";"0";"000h00m00s";"3/12/2025 5:16:14 p. m."
"202130";"Normal";"30";"";"";"";"";"";"30";"0";"";"";"";"";"";"0";"0";"0";"0";"0";"0";"0";"000h00m00s";"3/12/2025 5:16:14 p. m."
"202526";"Normal";"509";"";"";"";"";"";"509";"2";"";"";"";"";"";"2";"0";"416";"2";"0";"414";"0";"000h00m00s";"3/12/2025 5:16:14 p. m."
"232025";"Normal";"49";"";"";"";"";"";"49";"0";"";"";"";"";"";"0";"0";"0";"0";"0";"0";"0";"000h00m00s";"3/12/2025 5:16:14 p. m."
"240114";"Normal";"97";"";"";"";"";"";"97";"0";"";"";"";"";"";"0";"0";"0";"0";"0";"0";"0";"000h00m00s";"3/12/2025 5:16:14 p. m."
"320121";"Normal";"0";"";"";"";"";"";"0";"7";"";"";"";"";"";"7";"0";"55";"3";"0";"52";"0";"000h00m00s";"3/12/2025 5:16:14 p. m."
"333333";"Normal";"80";"";"";"";"";"";"80";"23";"";"";"";"";"";"23";"0";"34";"15";"0";"19";"0";"000h00m00s";"3/12/2025 5:16:14 p. m."
"425529";"Normal";"281";"";"";"";"";"";"281";"4";"";"";"";"";"";"4";"0";"215";"5";"0";"210";"0";"000h00m00s";"3/12/2025 5:16:14 p. m."
"458501";"Normal";"0";"";"";"";"";"";"0";"0";"";"";"";"";"";"0";"0";"5";"0";"0";"5";"0";"000h00m00s";"3/12/2025 5:16:14 p. m."
"555555";"Normal";"116";"";"";"";"";"";"116";"0";"";"";"";"";"";"0";"0";"1";"0";"0";"1";"0";"000h00m00s";"3/12/2025 5:16:14 p. m."
"654321";"Normal";"342";"";"";"";"";"";"342";"0";"";"";"";"";"";"0";"0";"0";"0";"0";"0";"0";"000h00m00s";"3/12/2025 5:16:14 p. m."
"666666";"Normal";"0";"";"";"";"";"";"0";"0";"";"";"";"";"";"0";"0";"0";"0";"0";"0";"0";"000h00m00s";"3/12/2025 5:16:14 p. m."
"741836";"Normal";"182";"";"";"";"";"";"182";"0";"";"";"";"";"";"0";"0";"0";"0";"0";"0";"0";"000h00m00s";"3/12/2025 5:16:14 p. m."
"808080";"Normal";"6";"";"";"";"";"";"6";"143";"";"";"";"";"";"143";"0";"110";"45";"0";"65";"0";"000h00m00s";"3/12/2025 5:16:14 p. m."
"820408";"Normal";"169";"";"";"";"";"";"169";"0";"";"";"";"";"";"0";"0";"0";"0";"0";"0";"0";"000h00m00s";"3/12/2025 5:16:14 p. m."
"999999";"Normal";"0";"";"";"";"";"";"0";"0";"";"";"";"";"";"0";"0";"0";"0";"0";"0";"0";"000h00m00s";"3/12/2025 5:16:14 p. m."
"1234567";"Normal";"249";"";"";"";"";"";"249";"0";"";"";"";"";"";"0";"0";"0";"0";"0";"0";"0";"000h00m00s";"3/12/2025 5:16:14 p. m."
"2025432";"Normal";"329";"";"";"";"";"";"329";"0";"";"";"";"";"";"0";"0";"0";"0";"0";"0";"0";"000h00m00s";"3/12/2025 5:16:14 p. m."
"2025805";"Normal";"0";"";"";"";"";"";"0";"0";"";"";"";"";"";"0";"0";"0";"0";"0";"0";"0";"000h00m00s";"3/12/2025 5:16:14 p. m."
"2025807";"Normal";"0";"";"";"";"";"";"0";"0";"";"";"";"";"";"0";"0";"0";"0";"0";"0";"0";"000h00m00s";"3/12/2025 5:16:14 p. m."
"2025809";"Normal";"0";"";"";"";"";"";"0";"0";"";"";"";"";"";"0";"0";"0";"0";"0";"0";"0";"000h00m00s";"3/12/2025 5:16:14 p. m."
"02132856";"Normal";"336";"";"";"";"";"";"336";"0";"";"";"";"";"";"0";"0";"0";"0";"0";"0";"0";"000h00m00s";"3/12/2025 5:16:14 p. m."
"9101112";"Normal";"50";"";"";"";"";"";"50";"0";"";"";"";"";"";"0";"0";"0";"0";"0";"0";"0";"000h00m00s";"3/12/2025 5:16:14 p. m."
"16684502";"Normal";"0";"";"";"";"";"";"0";"0";"";"";"";"";"";"0";"0";"0";"0";"0";"0";"0";"000h00m00s";"3/12/2025 5:16:14 p. m."
"76314865";"Normal";"310";"";"";"";"";"";"310";"0";"";"";"";"";"";"0";"0";"0";"0";"0";"0";"0";"000h00m00s";"3/12/2025 5:16:14 p. m."
"Other";"Normal";"444";"";"";"";"";"";"444";"0";"";"";"";"";"";"0";"0";"0";"0";"0";"0";"0";"000h00m00s";"3/12/2025 5:16:14 p. m."
